CustomerID,ProdID,Rating
1705736792,2,0.0
95,76,0.0
8,8,4.5
4,3,0.0
990,3,0.0
262,-2147483648,4.6
-2147483648,371,4.3
6,0,0.0
507,-2147483648,5.0
32,-2147483648,0.0
819345,54,0.0
8,79,4.5
39521,5956,3.8
3,674,4.1
4,9176134,4.2
35,1,3.7
704,5,4.4
5,562,4.8
7,482,4.0
49930,4704,4.5
74743,7,4.0
11261,358,0.0
9,0,5.0
3,-2147483648,0.0
26,3,0.0
2,88,4.1
4,86573,0.0
7,9,0.0
7,7,0.0
5,121,0.0
76,3,0.0
69,38,0.0
544,55363,4.5
464613,6,0.0
6382,0,4.7
1,114,4.9
83441,538,4.7
5,52,4.7
448,2488301,4.4
0,2073829709,4.6
363,30,4.1
0,7,3.8
58,23,2.0
8,7,4.6
94264,3,0.0
4518,2069,4.7
9526,8747,0.0
5,98,4.6
359,67,0.0
60,55,4.2
3,572,0.0
3248,5,4.7
8502,5,3.0
829,8968,0.0
9,927,0.0
48,28,0.0
666385,64,0.0
20030,43,5.0
919822,8,0.0
11290790,5720859,4.3
28,14,4.3
9350,1545,4.3
79,54,0.0
7092,1,4.2
57,77655,0.0
60,4,4.7
2071,9,4.2
57,4,4.6
-2147483648,1,5.0
7495,2,0.0
2,24580,0.0
8273,97,3.4
3,7,0.0
22,4983,0.0
28,801676,0.0
1655,421,0.0
4,15638,4.0
8501353,1,4.8
97,0,5.0
794,0,0.0
1,9,0.0
8880,6088351,0.0
607,4,4.6
26,0,4.6
51,15,5.0
5,27,3.1
26,9,0.0
2,88236357,4.5
39,2009,4.8
9,40868,0.0
6,814,4.5
139,1,0.0
73932,1583,4.7
709,1,0.0
7,531623332,4.7
29,48,0.0
1,63640,4.2
8,394,4.7
2,-2147483648,0.0
11,0,4.9
2,-2147483648,5.0
4,921,4.6
7,-2147483648,0.0
2,60105,4.9
2324,59758,0.0
0,0,0.0
51,605,4.5
392,13,3.0
2,56,0.0
80,2,0.0
3,1,4.5
2,2318,0.0
43,8,4.7
40,74934,4.0
10,48493520,0.0
1,3,4.5
55653,2,0.0
-2147483648,831,2.8
73,5,4.6
490,443,0.0
7,106,5.0
31,5148,3.2
306,373299,0.0
2,1,4.6
99,46187,0.0
3,3498,0.0
0,3,4.0
17,28,0.0
826,4,4.3
9,5,0.0
1,407,5.0
95,9,4.5
1,4106,0.0
29,56249,0.0
4,1,0.0
30,57454,4.2
939,9,0.0
25182956,7,4.8
4585544,2,4.0
9327,84,0.0
14,8,2.0
18,55,4.5
51768,618,0.0
9,22,0.0
7,42,4.3
92592,1,4.3
6956489,39,4.7
98,185,4.1
202,75,5.0
167380,0,3.4
3,789,0.0
987,6,0.0
0,6,4.6
4,326,3.5
344,11,0.0
90,58,0.0
9,3,4.4
4,6,0.0
5,-2147483648,5.0
8,3892,0.0
4,48,4.9
23,34,0.0
0,23,0.0
53,9,4.6
45,1,4.0
31,41,0.0
3,2,0.0
21637,4,0.0
1,0,4.6
129029151,78,0.0
34,1969,4.7
6,5,4.6
378,1,5.0
14,15,0.0
4,479,5.0
3,817,4.2
5,135590291,0.0
728,6,4.8
53,4139,0.0
9171,7348,4.3
6,353,4.2
44,2,4.7
81,1,4.1
4133,2,0.0
2,20,0.0
7,-2147483648,4.3
959,957,0.0
88,-2147483648,4.7
4496,5128,2.6
147,0,0.0
4718,47,4.5
221,18650223,4.6
81,16,4.5
3,270,0.0
81635,70,4.3
13,98,4.1
1948,252,4.5
68,63968,3.9
9,9015,0.0
12,9,0.0
80,5,3.0
9,1,5.0
26191,42,0.0
795649,7,0.0
6027,397,4.4
7,2,4.2
8,38,3.3
1,838,2.7
454,6,1.0
59,-2147483648,4.0
29,17,0.0
46,8,4.5
89,381,0.0
7247,3,3.5
14807,152,2.0
8,349,0.0
7,2959,0.0
35,54493,5.0
6764,5,3.7
19,156,0.0
87,2,4.7
6,73,0.0
903,50,4.5
90,84,4.8
75,2,3.7
30394128,5896145,0.0
5,9440,0.0
1,88577,0.0
1,781910,0.0
12118,6930,0.0
2879,2917,0.0
2013709,6,4.4
6,231,0.0
3,-2147483648,0.0
43,4103,0.0
89,574,0.0
4,45867,4.5
672,1,0.0
582,12,0.0
672994,7,0.0
2811949,6,0.0
5,885,5.0
6016937,9,0.0
5868162,84,3.6
9,98,0.0
30,3,5.0
46,1930,0.0
8,97,0.0
22,6,0.0
43,801,0.0
56,16,0.0
266018,1129,0.0
904325,5,4.3
3,34029,0.0
5,421,4.3
9,8,0.0
206,3,0.0
43,18,0.0
673,6,0.0
2,99,0.0
72,3,4.6
5,1,0.0
18,1728,4.7
5795,6,0.0
3,66,4.1
57,-2147483648,4.7
324,67586476,0.0
8422,4,4.9
66764,19,4.3
22,4,0.0
74597,95,4.6
1,2,5.0
105,2,0.0
9091,-2147483648,0.0
8,2190,4.4
8,22,5.0
199,67647126,3.3
6,7,4.6
2,3,4.0
2,9,0.0
7,5,4.5
12,21025,0.0
28,9,0.0
6,8,0.0
8,32044,4.6
2,52,4.8
13,61,5.0
0,2,0.0
7,25,5.0
417,84,4.1
77,9,4.0
76,4,0.0
56,0,5.0
29,0,4.8
32,89666743,3.5
193,3,4.3
1,6,4.2
6,-2147483648,5.0
659146,65783,0.0
295,-2147483648,5.0
7,8,5.0
556,0,0.0
99103,14,0.0
8,15,4.6
19904,89,0.0
60,79,0.0
3328,4,4.0
314,67,0.0
874,1,0.0
8,11,5.0
5,17,0.0
6493977,425,4.3
238,9947,0.0
758,44002838,0.0
47,1,3.0
6,9,4.7
7,28,3.9
0,8,5.0
3,4,0.0
8,603,4.7
810569,233395,4.1
93,93,4.8
601,4,5.0
5818,31287,4.3
9,51,5.0
58,14,3.8
815,9,0.0
1521,5572,0.0
138376,79,0.0
6,101115118,4.4
3,98,4.1
291,91,4.2
779,6,4.4
29584,9,0.0
0,9,0.0
62634,5,0.0
31,897156,4.1
4,4,0.0
8,28,5.0
29192,566,4.5
90,49877,0.0
176449,68454843,4.0
0,6592,4.1
475,1,4.0
9517,8,0.0
4,183,4.3
60,6,0.0
60,151,0.0
2,355,0.0
5,9540,0.0
0,938,4.3
8,57,4.5
497,781,0.0
5,7,4.6
5728,20,4.6
88,4406,0.0
765,2,5.0
90,3,3.1
7590,-2147483648,4.4
4,890,0.0
8,1,4.6
532850807,7,3.5
619,7,0.0
768510147,79759,0.0
7,4,0.0
30,970,4.7
994,3402,5.0
4260055,90507,5.0
195,4,3.6
4,7,5.0
630,2,4.4
32,42,0.0
7,86784,1.0
5,742634,0.0
250573702,30,0.0
24,0,0.0
544,99993,0.0
3,378,0.0
1929,1,0.0
19313,3,0.0
338,4,0.0
4080,30159161,5.0
404,486,0.0
34,16,4.8
7244,8,0.0
31,1975639,4.7
3556746,2,0.0
7,753,0.0
9,4,3.9
891,0,4.6
5,4219088,0.0
964,6,0.0
9,58,4.4
7786,5,0.0
49,829147,5.0
91,9238128,4.8
36,57,4.3
33034,5,0.0
79,0,0.0
4,-2147483648,4.5
-2147483648,561,0.0
721,381,0.0
6,3532620,5.0
8,67,0.0
2271891,6,0.0
23,675,5.0
282,1,0.0
4,9962,0.0
989188,67,0.0
13,8694130,5.0
527,-2147483648,5.0
5,3,5.0
69,277,0.0
-2147483648,2,4.6
347,202,4.7
7003,850463,4.1
2567,41667,4.6
96,64578,0.0
280,46735838,4.9
2,13,4.3
29,82,4.6
8,39308,0.0
81,84,4.2
7805799,973,0.0
74648497,3,0.0
7,17,0.0
3,17892,5.0
12,7,0.0
185,14,0.0
3,1622525,0.0
490,6489,3.7
3,-2147483648,4.6
6,2,0.0
476,39,4.8
-2147483648,9,4.6
952,31,0.0
9513,45,4.0
923817663,79,0.0
22,1,0.0
29,460,4.3
5482,52,0.0
10,7,4.6
9,424716,0.0
31,161,0.0
4,818,3.6
91960562,643,0.0
57,3,0.0
1,-2147483648,4.6
8,9,0.0
66,84,2.0
6,8739,0.0
35,936,4.3
81352,126868,0.0
75285,6,0.0
4,245158,5.0
1,7,4.5
7,3,3.0
270,2,3.9
1,5,0.0
2236160,7,0.0
-2147483648,8,0.0
7121281,7,4.7
700,2,0.0
0,44,0.0
5870618,750,3.0
33,9,4.9
88,6,0.0
0,1404060,3.0
1396,27,0.0
8,49314,5.0
8794,893,4.6
-2147483648,9,0.0
87,-2147483648,4.6
6,40,0.0
11,41,5.0
995,3,4.3
8,65,4.5
2665601,0,0.0
45,8351786,5.0
4557,404,4.4
190,10,5.0
9,231,3.0
1508,146,4.3
5,5541,0.0
11,931,0.0
7,32,4.2
49,232,5.0
0,36,4.2
3119,39,0.0
1,58,4.7
45,71,0.0
9,9,0.0
48088383,8,5.0
141,44,4.5
5764116,9,4.3
75,4,3.7
3,97630,4.4
468,1929,4.2
7,1,0.0
1332,3626,0.0
1403,316,4.4
20609,3,0.0
92,827,5.0
5,4,0.0
367,9,0.0
60,36,4.6
37,9,5.0
-2147483648,739,4.4
6756570,6,0.0
1,4581,0.0
68629,3,4.7
569,51,0.0
54,613940,4.0
848,-2147483648,0.0
8,2018,0.0
8,509281,0.0
76412,0,4.4
27,23,0.0
8085,3,0.0
68788413,104836362,4.0
9,7,2.7
3680,386,0.0
5,8,0.0
695,53,4.8
88456162,8,0.0
3,6,0.0
729,5,0.0
2,8,0.0
39,850,3.3
6,82,2.3
8385822,8491371,4.6
52367,0,0.0
8,46203982,0.0
857,68,4.2
563,3,4.8
96,7,4.7
7544,2,0.0
8,58,4.6
85263,927,4.5
5210,6,4.0
66,7092,5.0
275,582,4.4
436,3481,4.6
27,4267,4.6
4,15095,0.0
7,35,0.0
493,7,0.0
70,-2147483648,5.0
76,123,4.5
297,187814,0.0
17,8,0.0
4754,5148,3.2
1700,58,1.0
11,2,4.0
8,2,5.0
607812,491135599,0.0
208,1,0.0
9694503,0,3.9
9,93361553,4.6
0,54,4.1
1,2041366,0.0
22,485,0.0
6,1,4.3
5,9,4.8
39737,6,0.0
21,70,0.0
5,31655,0.0
24330,607,5.0
33,1,3.4
825,114,0.0
4,0,4.9
5,351867,0.0
3,671,4.7
-2147483648,933,4.0
490642497,0,4.5
411507495,485,0.0
5201,652656,0.0
4713,8040,5.0
0,289,5.0
4,2,4.5
9,85,0.0
2,21,0.0
7,72,5.0
406339,2,4.3
858,7035,4.9
9718,2,0.0
4,9,4.8
9,3960,4.6
4212,3,4.3
65,44926,0.0
259211513,64,4.2
6,93,4.4
823,2,0.0
33,12241,2.0
5945,43361,4.1
81,64545,4.0
9973,12,0.0
62,83,0.0
44,1,4.5
59,711,3.9
75163160,9,0.0
0,6226,4.2
31443,27,4.1
8,232,4.5
39,4285,0.0
511,66,4.4
301,36,0.0
8,0,4.3
9452,27,4.8
53,8,0.0
-2147483648,18,0.0
1,67088,4.9
63,52,4.3
2,-2147483648,4.6
1,53,4.5
9,24,0.0
8084,9,4.3
8,68994073,4.5
5260,4138624,0.0
403,9,0.0
7607866,7,0.0
203,0,0.0
316567149,92778,0.0
92,99,0.0
1,11,4.6
2921,-2147483648,5.0
14,313,0.0
42123,9196,0.0
46,6,4.6
624359,2,3.8
66,0,5.0
7630,8,5.0
13,99,0.0
4,69,3.9
305,86,0.0
97,5,0.0
45152,766,4.9
2,226,4.4
154,178,0.0
29,6,4.1
6239,3,4.6
4,4810,5.0
6,61429703,4.0
425,6,0.0
25,312,4.4
679,6601,4.4
558,74,4.7
575,620,4.4
3614474,1,4.6
70,0,4.0
679,44042,0.0
42,-2147483648,4.4
92,6,0.0
739,63,4.4
7197,552,0.0
341,1,4.5
2,899,0.0
4061,30,4.8
0,6418,4.0
7,290366,0.0
8093190,36,5.0
400638,2,0.0
10,711560,0.0
74,71,5.0
808,13,0.0
0,-2147483648,0.0
66,1,0.0
2997,27070,0.0
7,989,0.0
70,40498100,4.0
8,54,5.0
5400539,94,5.0
1142,56,4.6
4,54,0.0
73287,1,0.0
771,-2147483648,0.0
84,62,5.0
689,-2147483648,4.7
727204,70,4.4
369,81480,4.2
4759,639,4.0
8,90,4.4
721,7769,3.7
34,7,0.0
74815,71,5.0
6163,6,0.0
3193743,8,4.4
7885,1,0.0
2,59,0.0
5826132,6628,0.0
14,36,4.7
2,780,4.6
6,45856,0.0
6,-2147483648,0.0
514,51,0.0
65,5,5.0
0,1,0.0
1310,47,5.0
5,202,0.0
5,5,0.0
6745,5,4.3
7,81,3.2
57,3605,0.0
8,996,0.0
8,51,3.8
956,762,0.0
537177,6,0.0
257,53,0.0
3270,7,2.3
55,41,0.0
1,73,4.4
387213,940547,4.8
42,9732,0.0
586,41,0.0
20,6872633,0.0
40,215,0.0
2,54080,0.0
147,7,5.0
4,58,0.0
260060,5,0.0
9694,8,3.9
800,9165,4.8
18157,597,4.0
94,7,4.5
91,16,0.0
2,5,4.5
72,0,4.2
70,3,0.0
348042376,3,0.0
9104,1,4.5
24798,1,4.6
589,52,3.0
82,7649,0.0
405,81850,0.0
3572,-2147483648,0.0
17,2,0.0
9,155,0.0
67737,98,4.9
8745,86,4.0
398,4,4.8
882230904,930,3.5
4069,858,0.0
8,13,0.0
3,74346524,4.3
97,67,0.0
724,94,0.0
848,2,4.6
6,-2147483648,0.0
67,9,5.0
313,97,4.8
5,70,5.0
176,36,5.0
9391951,62,4.0
31603,55,4.5
553,78,4.6
5,1214,0.0
7,24,4.3
80,882356,5.0
5904478,27867233,0.0
139,81911,3.9
272,3,4.6
71652,952,0.0
0,624,0.0
7,39,4.4
-2147483648,9,0.0
5,45,5.0
23844,59,4.7
7,56,0.0
2,-2147483648,0.0
61253016,51,0.0
2205,74,4.8
964,1,5.0
924,46228,0.0
29,96961056,4.8
9,48863,0.0
57019,3,4.7
272,-2147483648,0.0
16,15864,4.6
0,22,0.0
7,63,4.3
-2147483648,2842,0.0
94,86,0.0
833,38,0.0
169,15497108,0.0
218567,383,0.0
171601765,4,0.0
3487,62,4.6
255,973609,0.0
6,53,4.7
7,3231,3.9
2978,62610,0.0
83,9848608,3.5
4,830488537,4.0
7315,7,3.7
21,76,0.0
92,647,0.0
720,6,0.0
939,7,0.0
48,8,0.0
38,63,4.4
2,4,5.0
594590,22,0.0
750,1,4.4
62,5,4.9
9827,94,4.2
8,5,3.8
5240,3,4.4
8995,7149,0.0
0,104,0.0
5787,601,0.0
9154811,-2147483648,0.0
7543,5,0.0
20,9,5.0
3,-2147483648,0.0
4,5681,5.0
359,61,4.0
0,35,0.0
807,1,0.0
327743,86,0.0
58,4,0.0
36,7,0.0
20,31,0.0
5,6,3.5
935,3,4.6
57,209512,4.8
4,20,0.0
230,2,4.2
3890640,2,4.4
95,71,3.8
4,56014,4.7
95,7,0.0
988426,16,4.4
3,96,0.0
6634,849,0.0
5,2,0.0
51,1,0.0
35354,3572,0.0
9,5817172,0.0
971,7,0.0
1,4,0.0
31306647,7,0.0
43,2295,0.0
28,66,0.0
2,6,0.0
27,1,0.0
6,34,0.0
831,3251,0.0
24,879,0.0
8983,7092754,4.8
9,2,0.0
65,-2147483648,4.4
9725,119,4.3
9,80,4.6
6,87,4.0
94,-2147483648,0.0
70539,68,0.0
143,9,4.6
78,3,0.0
709940,67865,2.1
472828,6,4.9
788719,393,4.0
0,628,4.3
50108,7,0.0
68077,97,5.0
6,15,4.8
6,83,0.0
2,26,0.0
6,24,0.0
3,8266,0.0
-2147483648,8,4.6
36,19,4.7
8,6,4.5
2271,2,0.0
2,10,0.0
4,78,4.3
485,3,0.0
9255,4,0.0
33,6242,0.0
274212,1,4.0
280138,38,0.0
-2147483648,5,4.6
48,89,4.8
7,75,0.0
5,16465,0.0
6779,6,0.0
0,40,4.5
3,65,0.0
30869,937234,4.1
9738,938,3.8
8,-2147483648,0.0
807,38195,0.0
2,2396,0.0
72,864,4.5
5,5718140,0.0
54,73,0.0
71,65708,4.6
592,299080,0.0
161,8,4.2
3,929,4.3
47,261,0.0
85,-2147483648,0.0
2,86,0.0
9,6,0.0
95,4,5.0
164,1,0.0
44076,251,0.0
7368610,397440,5.0
69106,0,4.5
6,3,0.0
6933,23,0.0
7,27136,0.0
48975,0,4.6
223,5,0.0
35,95,0.0
283,2210,0.0
4876,59,0.0
7,535579,4.5
8646,9219,0.0
-2147483648,17,4.6
780,43,0.0
127643,99,0.0
12,8,4.6
9,74,4.0
1,16,0.0
87,3,0.0
889,540,4.7
31,-2147483648,4.6
1,83,0.0
80,-2147483648,4.5
7,92,0.0
543948,285629610,4.5
35,0,0.0
67,677,0.0
9,499,4.1
7,31,5.0
589,405637,0.0
284,9,4.1
94,29619,0.0
73,-2147483648,4.4
7,878,5.0
304469,3,2.7
8225,35,4.8
2,734,0.0
9976,5,0.0
782908,25637,0.0
97617,36,4.6
87,490,3.3
599785,720,0.0
9426287,36,4.6
40038249,9,4.4
75,286,0.0
0,822,4.4
96,84,0.0
7,889,0.0
8,35,4.8
4,39613,0.0
5644,58,0.0
5,76,0.0
40,1,5.0
2509108,4,4.5
870,490,0.0
279868,66,3.5
54402,7,0.0
86623,6,4.6
41059,8469,4.4
715,2,1.0
90,5,4.8
7,58,0.0
7,3790,4.3
21760,19,0.0
858,33,0.0
2,9633932,0.0
177165,9,4.8
428,5,3.0
859,982217,4.0
0,5,0.0
48,478,4.7
51645,8,4.8
3809,46,4.7
75,828,0.0
6,2135948483,5.0
82,61,3.5
9,26,0.0
8,4973,4.7
4,8,0.0
27,426,4.0
5362,346,4.5
8,41,4.4
2947,8,0.0
7,69,0.0
5,679,4.4
74,829709,0.0
5602,4649,0.0
5,53,0.0
936,2,4.4
1,14,4.3
647767,3,0.0
31,8,0.0
89844,9,4.8
95,6439,4.3
4107632,5,0.0
373,474,4.0
48,4335,0.0
584021933,1,5.0
7,42172,4.8
29,96475,0.0
21,9888,3.4
2,97066,0.0
9,319,0.0
6,4,4.7
39,79,4.0
23,301,5.0
3,3,3.9
49933,27,4.2
7,740176,4.5
40944,-2147483648,3.7
784,39,0.0
5,34,4.3
2357,281,5.0
875,0,0.0
81,91,0.0
1,98,3.9
7,18,4.7
4,5,4.4
1820,41179,4.9
18,0,0.0
92,7,0.0
64,3,0.0
2,207,4.0
98,5,0.0
8,1862,0.0
663,24,4.4
273,7,5.0
62897,190,4.4
3395,1,0.0
65,3,0.0
-2147483648,7,0.0
622,9,0.0
9,318,3.0
17747,2324,0.0
66260,8,0.0
73,609,0.0
9,549,0.0
4,910517,0.0
8,451,5.0
333,3,0.0
97,8705646,0.0
1,207326,4.3
9,78,4.6
80,25,0.0
1,452327,4.5
23,3,5.0
0,77,0.0
5544,43880,4.8
64,657398,0.0
82645,-2147483648,4.5
0,185,3.8
8,4073,4.5
963,6,0.0
45,4489,0.0
18693,-2147483648,4.0
87,1,3.8
4306,75,0.0
6,55,0.0
523572,623,5.0
540397,4317,0.0
4,-2147483648,4.0
45,4571,0.0
317449879,0,4.7
14599,7,3.8
47570,0,0.0
7,40,3.7
0,99,0.0
4111,0,4.1
1,8949,0.0
84328,61,0.0
74307,6,0.0
2,43,5.0
4,955,0.0
182,5615,5.0
62813156,605,4.7
256,-2147483648,4.3
79,36702888,0.0
9,-2147483648,4.3
603,2,4.7
9,2131,0.0
82,29053,4.5
207951,30,0.0
5,0,2.0
86,6,4.0
0,99344,4.2
8,-2147483648,0.0
98905,35,0.0
317,23,4.8
747370,39,0.0
3,539,0.0
6,-2147483648,0.0
0,85,0.0
715,11491,0.0
6,52,0.0
495862,763,5.0
45,45285,0.0
6,36089,3.0
26,2,0.0
45,7,0.0
7,30,0.0
46710,4,0.0
24392461,3,0.0
6065,93,0.0
24,160,4.6
8,21,0.0
212,4701,4.4
8,2214,4.3
14625,109,0.0
25131,3266,4.7
3,3141007,0.0
9,42,4.3
49,6666,4.5
629,1,0.0
2666376,7945,3.6
96,41,0.0
2189,55,0.0
10,134,0.0
2,463,4.4
1933,935,0.0
90914277,39,5.0
9,970,0.0
575,717260,5.0
1,99361,0.0
176,979205,0.0
8,4,4.2
73,0,4.3
512,385421,0.0
226,2,4.8
8,29,0.0
0,8132,0.0
794,4,0.0
898316,609,5.0
94,4,3.7
2,359705,4.9
95,4430,0.0
7,473,4.7
53,5,3.9
0,960,4.4
241,654,0.0
6,21,4.5
1719,66,3.0
7301,2,0.0
79,68,3.9
9588,7,0.0
3,16,4.4
564477,3879,4.5
47,27,4.5
611,4,0.0
311853,403,4.4
178,1105,0.0
3,866217,0.0
6,519,4.5
9,4158,1.0
0,665970385,0.0
423,83663,4.1
6,40213,0.0
4,23,4.8
82,-2147483648,0.0
51,6522,4.0
36,2,4.2
9,184,0.0
29537,4,5.0
731,47,5.0
9388,112913,4.6
57,9976,0.0
4,8444,3.5
1904,352,0.0
72,2,0.0
10,1,0.0
1,98668,3.8
742,6,3.6
8,431990,3.6
6,56,4.9
77,12,4.1
3,36,5.0
3,-2147483648,0.0
697868,-2147483648,0.0
51,611,3.5
928,67,0.0
2,5701,0.0
8,56,4.8
4,766,0.0
6667,1,0.0
378,7,4.4
940,2,0.0
24,47,0.0
8057,351,4.4
4,80663,0.0
16,2,3.0
68,692,4.6
8,48863,0.0
42,-2147483648,3.7
80,3,4.6
34,73,0.0
8,37385,4.0
761328,3,0.0
75,9,0.0
5959,2173,0.0
1,99,3.9
76634,6,5.0
3,-2147483648,4.8
0,56,0.0
2336,4,0.0
909,5472,0.0
89,8,0.0
342,2,0.0
86,189,4.8
5914647,952,4.5
254,4,3.7
0,175,0.0
11,31,4.8
340,4,4.3
6,98,5.0
1,9739,4.5
97681,904321,0.0
672,6779,0.0
66818,9,4.9
774,-2147483648,0.0
1,727025,4.5
150,542350,4.5
43,96,0.0
87,134,0.0
78,4,0.0
172,1,3.8
80,-2147483648,4.7
51,970912539,4.4
77,1,0.0
2,32,0.0
7,26,0.0
34719271,4,0.0
678782,912,0.0
2687,1,0.0
732,2,2.0
70,22,3.8
70,132,4.6
830481,7,4.8
819,92,0.0
75,-2147483648,3.6
7058,1,0.0
83,35,4.4
739,69,0.0
309,517,5.0
6,6,3.2
0,574998,3.8
818639,501,0.0
50730,388,5.0
5,98177,4.4
14,946025,0.0
127,6,3.0
83971,477,0.0
3,883950,0.0
68,25,4.7
52,6,0.0
89,98,5.0
88351,0,4.5
8,3,0.0
70,2,4.0
89,-2147483648,4.7
7243,8068,3.8
638,6821,5.0
37,41432426,0.0
14,456,0.0
14,6,0.0
618017,4,0.0
65,4,0.0
290,7,0.0
477,4,4.4
2,33,0.0
646,-2147483648,0.0
67,737,4.7
4,126,0.0
1,1,0.0
6,-2147483648,4.6
407,4,0.0
9851,5,3.9
940,70,4.0
8551,647,0.0
839,498,4.4
93,-2147483648,4.8
19,0,4.6
67,64,0.0
90,488,0.0
3,998,0.0
82,0,4.1
795795252,88,3.5
2,5725,0.0
34715,17,0.0
9334330,97,0.0
60622,7,0.0
292,78,4.3
3,93,1.0
3,6587271,3.4
0,81,0.0
14,310,4.0
7201,4,0.0
77001,55,0.0
1,85,0.0
59,5064,0.0
813,1,4.3
76029,0,0.0
9,80412,0.0
54,581,4.4
250,308,4.5
5,90,4.5
72,-2147483648,0.0
110,486,3.5
42,88338,0.0
124516,25,5.0
16,1,5.0
391,564,0.0
7513,3,0.0
33,6,3.7
5,1680,5.0
60,784,2.5
87,361345,1.0
9,54,0.0
15,323853,4.8
72,9,4.4
3434,2516,0.0
9,5110,0.0
98,7,0.0
546538,6,0.0
6,36,0.0
632,81,0.0
3999,41,0.0
9,635,4.0
19,6,4.7
4374,11549,0.0
4889550,8,4.6
234,1,5.0
5,517,5.0
48,6,0.0
6255,5,4.0
9021,83,0.0
993,215,0.0
1981777,4,4.7
44,-2147483648,4.5
6,22,4.5
7,190,4.8
7650,4690,3.9
803761,5727,0.0
896835,1,0.0
4156261,26,0.0
5,39,0.0
619,9,0.0
9419,7,0.0
6,9976,0.0
679,47,4.6
60,5,5.0
698,4,0.0
22,14,0.0
328,6,0.0
799,9,0.0
86111,7435,4.2
343,2698,0.0
168,827,0.0
61,1,3.3
13,0,0.0
57,2,4.0
14617,5,5.0
7,0,4.8
0,585,0.0
4,52297,0.0
7,23,4.7
527,45,4.7
9027719,380,4.6
4,93,4.0
22,7,0.0
3,58,4.0
97,1,4.4
3,9,3.0
0,-2147483648,3.5
1,18534,0.0
171,4,4.3
746,7,4.9
4,51,0.0
0,969,4.6
9,62,4.0
92,11,4.4
5662,6317,0.0
6,35,0.0
866,51350,4.5
87,90767,4.6
86,539,0.0
35,423851,0.0
4809,1366,4.0
9,720,0.0
50,-2147483648,4.4
2,36,0.0
9,2270737,0.0
629,45,0.0
88,2287,0.0
8181,5,0.0
770,76,3.8
23537,9545,0.0
8,7794,4.4
7,941,5.0
63,1,0.0
806,425,4.7
4,6306,0.0
994,3,4.4
459395025,7507,5.0
404,848,0.0
12,4,4.4
59,2878,4.1
3,144974,4.6
88,-2147483648,3.9
3,782,0.0
6898531,1,0.0
8,432130,0.0
0,37,3.9
8,195,4.5
6,78,4.5
4,630,0.0
2,98,0.0
32,71,5.0
5,51,3.2
2,2,3.3
5,-2147483648,0.0
692,19572,5.0
18789682,56,0.0
986,5,4.5
7094,4,3.0
3359528,4500,0.0
3,47,5.0
889,798,0.0
79,92,4.4
4,9545438,0.0
30,0,0.0
97184,9,0.0
2,49,0.0
9,315,0.0
40,4,4.3
70,6,4.4
65,5529,4.4
213,-2147483648,4.6
62,82,0.0
8452,37,2.0
6,66872,0.0
17,891296,0.0
1046,395537,0.0
0,96,0.0
61,34188,4.6
8,82,0.0
988,702,4.3
155229,4299,0.0
0,11,1.0
2,54,0.0
708,-2147483648,1.0
813,3,0.0
61,61,0.0
65,471,5.0
359,110,0.0
3,309,5.0
70,7,4.2
0,51,0.0
61,12,4.6
3419,42,5.0
871,27,5.0
57685,1585,4.6
24,49,0.0
355,478,5.0
72,68046,0.0
0,799,4.1
556,7,4.5
143,-2147483648,4.7
6452,6,0.0
689,5,0.0
3356,49,5.0
702479,2,0.0
58143585,60,4.2
2063,74316,0.0
170057,3,0.0
613,319,0.0
24,464,0.0
31,16,0.0
62746,845,4.1
29,5649,0.0
8,672142,0.0
13,35,4.8
-2147483648,2,0.0
0,697,4.6
3,5,4.5
2310,99,0.0
8449543,63,4.3
9,-2147483648,4.4
783,0,0.0
13,776,4.7
64853,43,4.2
5882,3,4.2
9874530,1,0.0
6,46,0.0
16,613,0.0
2,0,0.0
73,67,0.0
554,1116,5.0
22156711,13,3.6
9,124,5.0
46425,3,4.3
480,7,0.0
8,88,0.0
92,9,4.2
419,6,4.3
8,20,4.1
56,82,4.3
70,84,0.0
7,2520,4.3
9,691,0.0
2,18,4.0
25,6,3.3
9,389,4.2
691,4,5.0
425221,9,4.6
1,8916,4.2
1310914,337,0.0
42,3,4.4
844,77,4.5
78,9100598,0.0
60,21,4.0
6,-2147483648,4.4
74,547854,0.0
80,6,4.6
-2147483648,5,0.0
851,9,4.2
0,-2147483648,0.0
615084,1,4.9
703,-2147483648,0.0
389,-2147483648,4.7
8446,2698,0.0
9,13,0.0
72,944,4.7
53,1,4.6
7,3670,4.7
6,703,0.0
2290,212,0.0
803,713,3.9
501,3111,4.1
9,5444,0.0
1611268,9,0.0
232,3,4.0
130,2355,3.9
0,87369,4.0
505,171082,0.0
557572,76,3.0
33994,37200,4.4
19169,84,0.0
92,4405,0.0
5,93,3.3
686,3,5.0
19,29,4.4
6,1973,0.0
-2147483648,22,0.0
68,0,4.8
229,8237,4.0
5,420362823,0.0
67,545,4.4
1893379,-2147483648,4.0
613,38,5.0
3,30945,0.0
77,586847,5.0
47,5,4.1
1,219,4.5
6,65,0.0
1,35,4.0
701,544,0.0
10,45,4.5
775,1,5.0
450619,8,5.0
2,590,0.0
437,29,3.5
16,8223,0.0
28,45,0.0
4420030,1,0.0
0,-2147483648,0.0
65,89416,0.0
968,3,0.0
6677,137,0.0
1110,1,4.4
11,77,4.8
19,2,4.5
7331,65382,0.0
49119,44247,4.3
5,621,0.0
27,875,0.0
669,706,3.9
5,30,0.0
703,9,4.2
-2147483648,9,5.0
85,9,4.6
56008,155,4.3
3754211,503073661,0.0
41,75,4.6
296230692,3,4.6
900,1,0.0
6772613,66,3.7
4492,0,0.0
6,42,0.0
93128526,9,0.0
98,6,3.9
292,25,3.8
6983,3807,4.3
735,9,4.6
3,81,4.7
648,868,0.0
3,19694,3.4
569,31,4.4
3551096,7989,4.9
0,5716,4.3
8,7167463,1.3
66,6,0.0
54635,3235,0.0
52,94,0.0
94,565168,0.0
852,518,0.0
5,42,4.3
14055,6291,4.6
35,5,0.0
20109,2,0.0
548,25,0.0
683,137,4.3
41,48055,0.0
23,5,0.0
892,4868,4.9
3,9086,0.0
9,705,0.0
70,71,4.8
3145,-2147483648,0.0
6,51,0.0
1,849,0.0
1,41,3.5
238,7559,4.7
1,2154792,0.0
4,702,0.0
886,8002793,0.0
4,376,0.0
5,10,5.0
7,91,3.3
4,45,5.0
2,8255,0.0
0,2415874,0.0
0,4,4.8
5,7092754,4.8
865,643336,0.0
63,36,0.0
32,793,0.0
37,8,3.7
5371,5,0.0
985082,29,0.0
3,72,0.0
69,100,0.0
4170,0,4.1
24,524395,3.5
7,6,3.6
69,791248,2.0
6,780,4.2
34,9,0.0
40,4176,0.0
8,2975,5.0
312,45805,0.0
24377,7,4.7
38,38,3.8
16709248,4,4.0
80,1,1.0
530654,7,4.2
123814,5,0.0
565,21,4.7
942,6213,4.7
4,1292,4.7
648,814,0.0
6518705,66,0.0
6311,8,0.0
807,27,4.1
71,9222596,3.6
5,94,4.2
98,96,3.0
754,79,0.0
5,637921582,3.5
5,84,3.8
804,0,0.0
3,97,4.6
95482,3,4.4
15,8,0.0
429,5,0.0
6,60869,5.0
-2147483648,462,4.6
684,9,0.0
967,12,0.0
21419,3,0.0
1707,66,5.0
85509,566025,4.6
64781556,0,4.2
36980,5,0.0
73,2902,4.5
434302,8,4.8
4,62,5.0
442011630,546644,3.7
7790508,1,5.0
9244681,3,4.8
4056,777,0.0
0,974,0.0
30363,0,4.6
1,63719,0.0
3305,68691,4.1
0,674,5.0
501,0,0.0
51,4,0.0
5,499,5.0
92,94,4.4
7,825887,2.2
774,587728,4.0
70,35,0.0
1257,713,4.8
69,98,0.0
1,56,4.5
66,5,0.0
3,8309451,0.0
9,-2147483648,4.1
81,840765,4.2
8,6687223,4.2
57,78,0.0
2468142,9827,4.5
3,0,0.0
7054,8,0.0
2926,67619,0.0
3,31,0.0
0,15,0.0
8491042,8,0.0
67586,0,4.8
2386,25,3.5
6933,-2147483648,0.0
3,9119,3.8
74,428,0.0
3,8864,3.7
3,8,0.0
7,8111776,4.2
42,484,0.0
49,3,4.5
49,1897,0.0
19,9,4.1
1,545,0.0
136,3,4.8
67,935,0.0
4135530,93,4.4
562,4,0.0
39,31305,3.8
3551261,78,0.0
-2147483648,6,0.0
3,13,0.0
5,190182,3.9
86,0,0.0
671,1,5.0
799,-2147483648,0.0
32,68,0.0
3,174388,4.7
829,824,0.0
84681,91,4.6
8,238,5.0
9404,7275,0.0
13,79,0.0
1,496,0.0
2,627903,3.8
7433,1,4.8
7482,93,0.0
624,4511,5.0
3,61,0.0
63,55,4.7
6,8879453,3.0
7,6351,0.0
922,189,0.0
56,130,4.8
-2147483648,8,4.0
950401743,957,0.0
6,56747,0.0
309,9,0.0
35,-2147483648,4.7
5819,204,4.6
6122990,74,0.0
495,9,4.9
999,4350,0.0
7,40587,0.0
98,9,0.0
2,46683,0.0
80,18261,4.5
83492,6939,5.0
15,4,0.0
17,0,4.8
0,3797,4.9
76,-2147483648,0.0
78448,1,0.0
-2147483648,8,4.7
4130311,264,4.8
2,71,4.3
99,96,4.2
195,328035,0.0
7,91453,4.4
38,167,4.1
144,53,0.0
0,12326,4.6
293,53,0.0
174,620,4.7
376081,743,4.0
5562,14,0.0
13472,4,0.0
2694,53852754,0.0
76,-2147483648,0.0
935,6,4.0
97,8,4.4
59782151,61,4.5
3,733,4.3
76,998,4.8
2,40,4.7
9,2716,4.5
87,-2147483648,0.0
296,2820,4.4
32,7907,0.0
7,38,0.0
40,8,0.0
3195,7,4.4
432335,288383,4.8
0,319365008,0.0
33,12,5.0
13700,106,0.0
4,19,0.0
9791,6,4.5
152910,7,4.8
32555,9760033,0.0
103,59346,0.0
42940,1,0.0
190,6632,0.0
1550,4,4.7
3,65542,0.0
978,1,0.0
538,17,5.0
0,586,4.2
89,117,3.0
50,7,0.0
386,531,4.1
866,3,5.0
50,4,0.0
73,83,4.0
2,46684504,1.5
43,39563,0.0
9939,497,0.0
561,98,0.0
7896,998,4.3
69677,5,3.9
81,95,5.0
883,29,5.0
2,29,3.8
11254,676,0.0
8,18,0.0
754,16,0.0
1,676,4.6
1935462,1,0.0
8252,52,0.0
86,992,0.0
34,-2147483648,0.0
9767,683,0.0
5476357,515,0.0
59,-2147483648,4.2
0,86,0.0
5,-2147483648,0.0
702,9,0.0
39,735445756,0.0
1205384,1,3.4
1,55,1.8
6418,53,0.0
4380,3,4.4
5,12028,0.0
24135,4,5.0
6000,417,0.0
584442,47,4.9
781,4,0.0
6,-2147483648,4.7
66,44,0.0
730755,2,5.0
99,7,0.0
94,61,5.0
89,52,4.1
9,477,4.5
152,29,4.5
5,1406,0.0
120,3,4.7
1986862596,6,0.0
4610,78,0.0
26,12,5.0
9049,374334,4.2
28,0,5.0
643,0,0.0
755,-2147483648,0.0
3370,21,4.6
54,2,0.0
712359619,-2147483648,0.0
453528,0,0.0
7637,3777,0.0
429,9590240,0.0
1679,38,5.0
1,70,5.0
67,7,3.5
8,-2147483648,0.0
0,5666,0.0
373,2,0.0
29,8,0.0
796,7,4.0
8,76,0.0
74932,96286115,0.0
6,153,0.0
28190,55844,0.0
2,6073,4.6
5,4052,0.0
211,97,5.0
3,28577,0.0
7246,294,5.0
9,28,0.0
107,-2147483648,4.4
3,511,0.0
64845,85732,0.0
3,69160,4.6
56036,5,0.0
2031,531827,3.5
3,661,4.4
190,34,4.8
87755,6,4.5
300,742,0.0
6,5224,4.2
220,104,0.0
13,6,5.0
67,619,0.0
3134,5,0.0
871798,8911,4.8
48,623,3.3
30,9,4.3
2,7,4.0
774,3083,4.5
2,2103,0.0
3,7545,4.5
0,47,0.0
16,5,0.0
1,91,0.0
1,69,0.0
238,-2147483648,0.0
81,2,4.4
735,0,0.0
58,731,0.0
93,0,0.0
12,62047484,0.0
5,33,2.2
5,8271,4.1
647,36,0.0
2,3179,0.0
3,6249,0.0
963,0,0.0
9,7520,3.3
40,889,3.0
-2147483648,33,4.5
460078,1,4.0
667788,80,0.0
23,316737,0.0
9133,111,0.0
95,-2147483648,4.4
71,396597,4.8
9887,70548381,0.0
9439,3125,0.0
4,383,0.0
6113,90659,4.6
82,81,4.4
846,81,4.9
406,8,0.0
2,287,2.2
46,3,0.0
7884,6,0.0
15,54,0.0
7,98,0.0
2,33330,3.2
0,9816,3.6
313932,914,0.0
590,4,2.0
6,6105,0.0
357436,2,0.0
3,63898,0.0
9,20894,5.0
8,5382,4.8
105,5493,0.0
1557456,9,4.2
71,7,0.0
69,6039594,0.0
72,995,0.0
87819,96,0.0
58,10,4.7
47,3,3.5
5,56,0.0
-2147483648,9,3.9
58,3882,0.0
52,821,0.0
3437644,264,0.0
98495,-2147483648,3.9
649,6,3.0
68093,0,0.0
8897,8,0.0
6,6468,5.0
63,6,0.0
8,9535,4.9
3951,66,0.0
8,72,0.0
89,57081,1.0
6,640,4.8
918,577531,3.4
56,6,0.0
5,6017421,0.0
594907,11,0.0
41,226,5.0
669,2177,0.0
8,69753,5.0
374406,68245,3.0
8665,-2147483648,3.6
5135,-2147483648,0.0
2,16,4.6
13236,9,3.7
430,70861,0.0
1365,0,3.0
287,9,0.0
77,5792,0.0
-2147483648,6,0.0
88,107021,3.6
1,39107,4.1
48,82,3.3
67,8,4.6
46,25747,0.0
854707,96,3.2
9418,-2147483648,0.0
763,0,5.0
9384,5,0.0
90931,19,0.0
9243,8344390,0.0
92281,8014,4.5
8,19,0.0
8,47,0.0
6,97,4.6
1666,4379609,4.6
5,21,3.0
7,306120,0.0
3,8947,0.0
70356,373,1.8
13,498,4.8
1211,40,4.4
6841,1,0.0
78,8,0.0
544,764277939,0.0
9402,6610,0.0
9,5314,4.6
90,7,0.0
8,62,3.6
90725,698,4.2
76,4439,0.0
67,5,4.1
8641995,5,0.0
3,850636029,0.0
81,6419,0.0
5,247,4.2
3,32,4.5
748,-2147483648,4.7
4,10,0.0
6805,85,4.1
8,75,0.0
82,57,0.0
95,9841,4.6
1,-2147483648,0.0
918,4,0.0
43,25,0.0
2,418,0.0
4655798,77,0.0
602801,1321,4.2
6,5464,4.7
964,367,4.1
2,-2147483648,5.0
7,144,4.5
895,302,4.7
8808623,1,0.0
60,5219,4.6
44,266,0.0
41,275,4.1
996374,31862,1.0
2,912,0.0
34,2,4.4
4,651,0.0
90,512,3.6
8,15429,0.0
28939159,51330,0.0
8,61099268,0.0
570,3,0.0
74498,0,3.2
690608,42,0.0
66087,80,0.0
-2147483648,15,3.9
2,9967,0.0
59,48,4.3
37857,12,4.2
31,92,0.0
309812506,5,0.0
566,842,0.0
233,7,0.0
9101,71,5.0
2,50,0.0
9431,2,0.0
27,74,0.0
806,8089,4.9
52,2,0.0
17,179,3.1
86,9,0.0
79,9,4.7
5256,8979,0.0
89,87116,4.6
25,32,0.0
56,4851,0.0
7575,113,0.0
4,664,4.6
8,71269,0.0
0,25,4.3
464,4,0.0
914,80,0.0
4,929,4.2
4706,471,5.0
6,-2147483648,0.0
3817,7,4.2
6,49,0.0
1,8,0.0
0,84,4.4
768,8,4.5
4994,4,4.8
35,29,0.0
1,1822,3.0
3113,9,0.0
896,1,0.0
666,2968,0.0
72,1,4.4
2,83434,0.0
316,8,4.6
497,8,0.0
5,3359875,4.5
2,93361553,4.6
2,951,0.0
57,5,3.6
0,61,0.0
242,77,4.0
1,13,0.0
453279,-2147483648,4.4
6,3954,2.7
877,5581,0.0
2,8618,0.0
5412,40046,4.9
5,4548270,0.0
13,60,5.0
3153223,2,0.0
5,35158457,0.0
0,49193,3.7
6,91,0.0
5332,8440,4.2
4,15,0.0
1,86,0.0
6,1405,0.0
5,6108,0.0
33,781,4.2
6,11,0.0
608002248,15,3.9
6520,1,5.0
47074,36702888,0.0
-2147483648,0,0.0
909,877,4.6
917,6017264,0.0
389,-2147483648,0.0
1081,1,0.0
5,79,4.8
2,22,4.6
66984,6,0.0
12,6,0.0
4,909,4.1
0,-2147483648,5.0
3,-2147483648,0.0
469,93209,0.0
60,106534,0.0
6731,8,0.0
1,8081,0.0
579,1,4.4
57753,83,0.0
26,19114,3.2
141,-2147483648,0.0
39,2,5.0
4,53,0.0
3,27596,0.0
23,4,0.0
732,17,4.8
46,0,0.0
3,66583,0.0
526,19503,0.0
50,9580,0.0
-2147483648,76,0.0
16,3,0.0
79944,5,0.0
678,532,5.0
4,72,0.0
99984,33,0.0
950,3,0.0
1,82,3.9
5,4867,0.0
367,278,0.0
50,3982,0.0
108127938,18,0.0
771,94,4.4
965,235,0.0
54,64933,5.0
26,7,3.8
9,-2147483648,5.0
7287,9971,0.0
21,359,0.0
6,4879,3.7
2,29750,0.0
908,258,0.0
68,8,0.0
5,554,0.0
1,277,0.0
353508,728,5.0
4,451,0.0
84,5,0.0
59,648,5.0
93337,61,3.0
717014,762,4.8
8,411,0.0
0,64,0.0
88065,1,0.0
79824,3238626,0.0
91,0,0.0
373,0,0.0
3,3157,0.0
430454,6357,0.0
1,4090049,0.0
73,181,0.0
7860,41429570,3.7
21,26772110,0.0
7741039,-2147483648,0.0
3428,3,0.0
2,936,0.0
28,7,5.0
365,8,4.5
94,85,4.5
4756,91827508,0.0
42,69,1.0
9565,72,0.0
57,85,0.0
3,569,5.0
21867,5,3.3
375,6,0.0
1,47,4.5
3,785,0.0
8996,6,0.0
5,355,4.3
6507,7,0.0
8,908,4.8
15477,1,0.0
45,3,4.6
25,59,4.7
15,70597,3.7
7,644,0.0
-2147483648,44,0.0
612,3591877,0.0
80080179,87,0.0
8481,0,4.5
945,1,3.0
174874,22,5.0
4,648,1.0
65,2,0.0
758,6353,4.4
18211,394,0.0
6,713,0.0
1,59311,0.0
1,71,1.0
6921,168,0.0
46,440,4.3
995610,147,0.0
218056,587,5.0
63,32,5.0
6,12967074,0.0
9488,6152,0.0
9404,56,0.0
67,63,0.0
582,9179979,0.0
56701,3,5.0
522357982,17,0.0
897,5,0.0
624,765,0.0
-2147483648,172974,4.8
54,5,0.0
-2147483648,24239,3.5
7,19633915,0.0
78,908,3.6
37,7,4.4
3,2681,3.7
7,7697,0.0
66,14,0.0
2,524,0.0
0,1432,4.3
907,5,3.7
477,58455,4.4
4,37359034,0.0
72,159731,0.0
1,907,1.0
9657918,428,0.0
3522,50719,0.0
23,549027,0.0
934,92707,4.5
143,53957,4.2
26,4,0.0
748,9831913,3.5
7620903,309214,3.8
6,37289,0.0
8,49,4.0
404,38,0.0
3,45,0.0
102,452,0.0
8,95004,0.0
101,97,0.0
2976,3,0.0
3,284,0.0
36,6755,0.0
3887,240,0.0
798,1,0.0
50310,707,5.0
480504,9,0.0
532,723,4.7
6,295,0.0
52,961,5.0
704,0,0.0
15,6,4.3
615,8,0.0
1443,284,0.0
82658,81,0.0
7682,30,4.4
83,4,0.0
3311,9,5.0
47,78967,0.0
-2147483648,5259,3.0
4014,7,0.0
2,-2147483648,4.5
124191,53,0.0
78,7,4.2
94,74,4.2
9,2664,4.4
276771,92,0.0
4290,6981,0.0
5456,4678,5.0
47,72,0.0
114,696,0.0
4403,95,0.0
231,88,0.0
30,25,0.0
67,71,0.0
789,3220,4.9
115,144,0.0
63,94,0.0
82,8029,4.9
83,17,0.0
9395,126,0.0
62430337,2,0.0
9995,899,0.0
79,8,0.0
717,5,3.6
84,2,4.0
987080,-2147483648,0.0
7,8742,4.2
-2147483648,727,0.0
278,9,0.0
80694,80,0.0
145326252,9,4.2
52459982,1,0.0
77,5,0.0
841204,1,0.0
59,0,0.0
3520,128,4.2
1,34,0.0
9048,9,0.0
24,67,4.7
957,5,0.0
3,139,0.0
44,20,4.6
745,3,0.0
7311,785758,5.0
2,940,0.0
332,66439,0.0
569,114,0.0
4,12,0.0
3,73,0.0
6,536,0.0
310,14,3.5
-2147483648,9,0.0
7,683,3.8
7,46,4.0
91130,27,0.0
7,9084,0.0
25,5,0.0
296,257,0.0
513,7,0.0
272,372,0.0
43971,998612,5.0
195,71,0.0
62,241,0.0
3,832,0.0
838,712823763,5.0
69,0,0.0
83860,13,4.0
1,-2147483648,4.5
17,1,0.0
53102,494,0.0
6,4759,5.0
6,19,0.0
9755785,1,0.0
61,7,3.0
284,17,0.0
9,281,0.0
51,74,0.0
1,30,0.0
6,655,5.0
4,511,5.0
5,266937,0.0
82,8,3.0
67,6,0.0
97933,9,5.0
637,0,0.0
680,458,0.0
77,66,5.0
4,8339576,0.0
141,9779,0.0
2,776559727,0.0
46,58,0.0
81,300,0.0
9917,17,0.0
5,6437,0.0
2557,9,0.0
622038,8,0.0
21,58,0.0
4,10481,4.8
317,7,3.4
1,-2147483648,0.0
116,344,0.0
62,28,5.0
121,76,4.7
-2147483648,6712,0.0
7612,92,0.0
16834,7,0.0
185,9,4.3
516,8,0.0
-2147483648,2,0.0
935,0,0.0
81,8186272,0.0
9,67945,4.8
63373785,748723,0.0
2,194,4.4
2,47,0.0
14,-2147483648,0.0
55,8524,0.0
9,36,0.0
2455,587,4.6
24,796,2.3
78,4738,3.1
1,883,0.0
8,978,0.0
3482,6,0.0
10,8,3.0
90,1824,0.0
6313953,5,0.0
630,9,3.0
38,8,0.0
6488962,9,0.0
43,3,0.0
807,7,0.0
110659894,6,3.0
38,7,3.8
6,154,0.0
2506,3,0.0
81747,855,4.0
3,795976,0.0
82,1249,1.0
4477,36074421,0.0
4,617,5.0
4,24,4.6
964,37,4.6
35539,68,0.0
395,8,0.0
71,9,0.0
5,88,0.0
17,42921,0.0
67612436,8,0.0
327,7028,0.0
0,8208,4.2
7,8418523,1.0
4259,312095,4.5
855,5893,0.0
8297,-2147483648,4.3
529727,16,5.0
7534,9,0.0
77,152,4.8
199825,299,0.0
-2147483648,50,0.0
2,232829,0.0
24,4,0.0
357,8,4.0
2125,1816,4.8
19,30,4.4
32895,57,0.0
798,94,4.6
35765848,4,0.0
8,891,0.0
55,583,0.0
94,1,0.0
1,507,4.8
53,2727,0.0
74,711,0.0
3545,2,0.0
3,67,0.0
82,815,4.1
88,89,0.0
152425,8,0.0
37,98,5.0
871,37,5.0
877,1766465,5.0
6,29777272,0.0
0,3619,0.0
240578,2101,0.0
714,45,5.0
6,4911,0.0
6669,43896,0.0
874,23,3.9
13,8891,4.5
1601,8,4.0
9795,56,0.0
1,59,1.0
6,949648,3.8
3,416,0.0
74547794,404,0.0
6,433399,0.0
489,79,0.0
433215,909819,0.0
28,5,4.3
466512,0,0.0
8,85,0.0
1246,75,0.0
42,7,0.0
214,60,0.0
3232,3,0.0
61,8,4.5
85438,91,0.0
5,829,4.0
33,-2147483648,0.0
9,204,0.0
78,87419,0.0
8,506,0.0
97882,4,0.0
18,57,0.0
67896682,730,5.0
0,63,0.0
278569,7,0.0
141,93,0.0
7,85662,5.0
0,22994,5.0
3191715,621,0.0
66,207,0.0
50549743,262122,0.0
5,22,0.0
1,367,4.2
8,139,2.4
273,4382,0.0
23,933,0.0
83,494,3.5
9,486,0.0
62,92,4.2
6124,5,0.0
2,2279480,0.0
77,0,3.5
55,96,0.0
51,8,0.0
0,20,0.0
2174,767,0.0
35242,74,4.5
72,75,4.0
94106384,66015,0.0
10,5,3.9
344,1,2.0
903,76713,4.1
43,1,0.0
8,970,0.0
89,15,5.0
2,30920,4.4
53,0,0.0
6504,8,4.4
244,29,0.0
8382,4632,0.0
95614,56,0.0
1,2062248,0.0
78,554,0.0
9,63,0.0
680,0,3.8
138,5,0.0
33,-2147483648,0.0
44,7,0.0
78,0,0.0
899736,0,4.6
412443978,68551,0.0
73,24,0.0
74,3,3.0
7204736,33,5.0
9,978,0.0
694800,224669,0.0
59,9,5.0
74417,0,0.0
6,-2147483648,4.6
43,66,0.0
2,70,0.0
4,-2147483648,4.5
0,4733,0.0
72235857,5670,0.0
693,561,0.0
1932342,439,4.1
2,6150,4.3
9471,7158,0.0
9002047,73,0.0
4,13246,5.0
1,21,0.0
87,369,5.0
694649,2,0.0
1,477,0.0
473,8271,4.6
42,79,0.0
328,294258,4.3
538,29,0.0
5848,3,0.0
66120,5467,0.0
770841951,0,0.0
4274,-2147483648,0.0
805,6,0.0
587,964,0.0
641,420,0.0
80,53,0.0
568,70,0.0
76783,0,0.0
4377900,-2147483648,3.9
85,4,0.0
4,86,0.0
0,31,3.6
56394,805936,5.0
3365,4,0.0
56,9,4.4
280,722,3.7
45171,41,4.8
5024802,5,0.0
3065,5,0.0
1498030352,6,4.6
840,3000,0.0
5,-2147483648,4.2
283,2023,4.8
74,96,0.0
414,2,5.0
90,9640,0.0
85,4469,0.0
78,78,0.0
70,43,0.0
23,28,0.0
78,32304,4.8
52,1,4.4
262,7,0.0
6,580,4.2
41,428,0.0
85,76,0.0
4,97,4.3
0,46,0.0
857,-2147483648,0.0
1,74691,0.0
53,3,0.0
76,522447233,0.0
469,4,0.0
115699,5,0.0
935096,5,0.0
8471,911,0.0
8206,1585382,5.0
90,718,4.0
615,80,0.0
79037,0,0.0
54,7,0.0
3330,698,0.0
13,56,4.2
44,36702888,0.0
3,54,0.0
39,634,0.0
-2147483648,1926,5.0
5859,982,0.0
7,817180,0.0
51142,3,0.0
9135,57,4.0
86,26,0.0
18,4981,0.0
9,7571,0.0
22471,1,0.0
6817,48,0.0
751,2,0.0
6250,15,0.0
408254,2,3.0
80427,8971,5.0
38854,5444,0.0
2221,678,5.0
3583,809,0.0
513,6,0.0
499,583,0.0
7,956218809,5.0
2276,300,4.4
6416,74,0.0
447,51,0.0
0,39790,0.0
72,5,4.7
20,809364176,0.0
237,91,0.0
18,8697,0.0
308,6113,4.7
16388,597,0.0
3,433352,0.0
1,8132,0.0
8,744,0.0
9,84,4.3
86,39,0.0
4,70,4.8
52,5,0.0
9836460,2,3.5
53,28,0.0
5378,3,4.5
0,695,5.0
8,742,0.0
9,33952,0.0
79697,1,0.0
91,7767,0.0
93,2422,0.0
5780,360,5.0
4,2696,0.0
16,475,0.0
5,87,0.0
76834,670059,0.0
6076963,-2147483648,4.4
46985,7,0.0
84,0,0.0
8,132,0.0
9,97,4.6
96,71114,3.0
7,80,4.8
5,-2147483648,0.0
0,12717,0.0
6172022,31,4.5
4647,0,4.2
36747468,49,5.0
459982,70,4.2
7,8475,3.7
9465,4,0.0
512259619,5341,0.0
3127,3,0.0
7,363,0.0
8,899,0.0
1,63173,5.0
85,9787,4.5
6,89,0.0
279,0,0.0
21925,421,0.0
-2147483648,0,5.0
8833088,71,4.7
776,8,0.0
71102,580,5.0
7,475,0.0
47,2371,3.0
3,514,0.0
6073,40709,0.0
74,95,0.0
39,0,5.0
2,89,0.0
95507,2,2.4
96,4540,0.0
9964062,95,0.0
4115,2,0.0
2380,8257,0.0
9,-2147483648,3.9
6,6921,0.0
6,485,4.6
54,0,4.6
23,7822,0.0
8,273,1.0
7,1708,0.0
81694722,5,5.0
45779,6729,0.0
621,4631,2.5
64,0,4.9
3,3252485,0.0
260879,916609,5.0
5788,7792,0.0
9,408190,0.0
85,694,0.0
5,20,0.0
983292,6,5.0
0,90,0.0
22,819992,0.0
40,41209,0.0
2671,3,0.0
1,87,5.0
40,3,0.0
5497,15,3.5
4501,2,0.0
65,85,0.0
23,26,1.0
0,4375,4.3
1,45,0.0
37,12,4.4
1,302,0.0
12053,554,4.6
5,95,4.3
7,21309,5.0
75,0,0.0
643,366264,0.0
7,19,5.0
914164,647,4.9
192458,7,0.0
6327,45390,5.0
0,13,0.0
6275,3,0.0
4287,1827184,0.0
3,150693,5.0
1505,8202,4.5
54080,5835,0.0
1,7379,0.0
64,1337643,3.9
274,62,0.0
390,-2147483648,0.0
50707693,498702,0.0
2,78,0.0
9394,7713,0.0
7,33,0.0
45,27532,3.0
21,3,5.0
417,7,4.4
0,642252,0.0
7,52096,4.2
6,66,0.0
85,5,0.0
538,9,0.0
618,957,5.0
0,60,5.0
28,2,0.0
78,1,4.3
23,37,1.0
2,18226,0.0
3197,-2147483648,4.4
80121,5,0.0
2067080,79,0.0
3,747,5.0
8,965,0.0
3,835758,4.5
468175564,9,0.0
338,86,0.0
178,9628471,5.0
116,0,0.0
0,34,0.0
420284,25,3.5
551,9,0.0
72,514305,5.0
66061886,7402,0.0
169,9,4.2
5,332,0.0
60998,70,0.0
851,37,4.1
8211210,26,5.0
1299,86,0.0
719307,9,0.0
683,44,0.0
-2147483648,2268,4.5
67,4,0.0
234,85,0.0
3471,876,3.7
4,1702,4.0
0,532,5.0
46,15092,0.0
1566,6477,0.0
111370,1,0.0
57,4489,5.0
0,4115,4.2
82,9,0.0
50,1,0.0
2,1514,3.7
1385870285,543,0.0
1,-2147483648,4.6
811003808,7,0.0
424261,79927,0.0
34,72,0.0
2707698,2603,0.0
79565,8,4.5
76,9,4.0
65522,3,0.0
834,903,0.0
8905,77,5.0
0,426,0.0
983,73,0.0
4,6763650,0.0
89,70361,0.0
1757,60634,0.0
318,982,0.0
1,27,0.0
868,6205,4.8
844,19261404,0.0
83,7,4.6
50,2,4.6
8,39973,0.0
64,75,0.0
42,658,0.0
483,6,4.2
93,12242,3.6
62503628,843242,0.0
14,-2147483648,0.0
4891,3053,0.0
8,73364,0.0
8,4193,0.0
337,8,4.6
39083,2,5.0
499804,0,5.0
57,4440,0.0
446,88055,4.4
7,34,0.0
13,296,0.0
62521019,462020,0.0
14,342,0.0
30961,8667071,0.0
99,-2147483648,0.0
92,510,5.0
65,-2147483648,4.5
54,651,0.0
71,0,4.5
92,44,0.0
-2147483648,0,0.0
98,2,0.0
76,97,0.0
8,44,0.0
6991,2,5.0
50,42605,4.2
5,2096,0.0
50423500,4,0.0
304,66,4.6
9,4051,0.0
20,318299,0.0
7,718,5.0
1,90698566,3.6
13,598,0.0
94,6378,0.0
32,5,4.3
64,9056,0.0
506,83,3.7
2799,1513514257,5.0
74,381390,0.0
401,641,4.9
69,342482,4.9
27,7,5.0
960,1,3.3
62326,71773,0.0
8,6144,0.0
6,303,0.0
4126251,11,0.0
6295805,38039,0.0
6,23,0.0
24,-2147483648,0.0
62,338008,0.0
24,3,4.8
6735,87507,5.0
2,2198051,0.0
36519,2,4.7
8,96,2.3
9,89,0.0
355,4,0.0
58,-2147483648,0.0
26,470,5.0
46372,55,0.0
949,205,0.0
4,8894,5.0
56,464,5.0
8,63,0.0
2,37,0.0
5,110,3.6
9,76,4.8
3,30,0.0
6100,848,4.6
74,8,5.0
661,8,1.5
14,7,4.2
8311274,5,3.7
4,42,0.0
-2147483648,88,4.5
591,518,0.0
6,67,0.0
837,493,4.6
6,9116454,0.0
6590,57,4.5
7,-2147483648,0.0
85,704,0.0
33,8128,0.0
2,442,4.6
1,156774,0.0
60571,905,4.7
2155,951,0.0
455826,20,0.0
93,9,2.4
3,440,0.0
87,22,0.0
80,360,5.0
408923,9,0.0
2778,9,5.0
6807,8,4.0
60,8193,0.0
4,43844,0.0
3,390,0.0
687,6,5.0
219,-2147483648,4.6
43,46,3.0
93,1575882,0.0
3610035,52784,4.0
4285900,5,0.0
559,20,0.0
387135,1659,0.0
4815,2,0.0
27,1263,5.0
12,47,0.0
88,57,0.0
5,47432,0.0
9023,631579041,0.0
65,46,3.8
8985,5569612,0.0
194821,2414832,0.0
126,61664842,0.0
2,46,2.7
798867,56,4.4
16,7978,0.0
44,178,4.7
29,7,0.0
8,578,4.2
2565,857,0.0
441,57,5.0
41,50,0.0
85,4238262,0.0
39,249,4.6
0,49,0.0
1061,5,0.0
7,1588,0.0
3,92,4.0
851,7,0.0
49923,19,0.0
70423,55,4.6
10596,179,0.0
54,107,0.0
2,72,0.0
81,41,0.0
82842111,57,4.3
1,6276528,3.5
351,-2147483648,4.2
351537,8,0.0
8,56143,0.0
2,-2147483648,0.0
38,4,0.0
655,1,0.0
66796222,9,0.0
5,26,4.5
289821,-2147483648,3.9
376,6,0.0
0,-2147483648,0.0
52,0,0.0
7980,6,0.0
6,31,4.0
1,603,0.0
46,595783807,0.0
808500157,472,0.0
908,6,3.7
762,5,0.0
502,48,0.0
38334,31,4.5
44,16722557,0.0
557,8791631,0.0
1,43,4.4
79,30,0.0
3216,0,5.0
4578,63143,0.0
9,535,0.0
400,8,1.0
9,3001342,0.0
1893,878,1.0
609,464,0.0
7,36,0.0
471,166,0.0
4,16,0.0
7,97,0.0
951,2,4.3
71,4912,0.0
48159,5,0.0
372,0,0.0
8,-2147483648,4.4
56,99655,4.7
46,72,0.0
99191,2,0.0
6,32,4.0
59806,6,0.0
91,-2147483648,0.0
264,453,0.0
34,4060141,0.0
31,13,0.0
976,5,5.0
6,59341,0.0
7194,4,0.0
9,4079,4.2
31978,133,0.0
4,47,0.0
228,55,3.7
7,-2147483648,4.0
4,-2147483648,0.0
91,621,0.0
6,750267,3.7
37,35340,1.0
42,-2147483648,0.0
98,4,4.7
5,7602,0.0
89,36548,0.0
99,6,3.2
-2147483648,7,0.0
7352,381,0.0
0,9399327,0.0
5,75,0.0
8575681,251820,4.3
302,8,0.0
48181,8,0.0
316,9,4.4
730,421,3.4
750,5,5.0
43,9,4.7
595,959,0.0
735,1,4.0
9702,7256,4.0
300068,101116,0.0
2,63,4.6
68,3,0.0
76,57,4.0
59,8,0.0
19625,72,0.0
6,11044,0.0
9,15,0.0
8,83,0.0
953,554,0.0
2,91,0.0
100,6,0.0
7,-2147483648,0.0
1,61,0.0
9,99,0.0
9635,74,0.0
839360,59,4.8
724,460,4.8
8190033,550,0.0
1,594311,0.0
7,57,0.0
770,5,4.2
81,3,3.0
787,2,5.0
90,0,0.0
342,5,0.0
32,54,0.0
924,2,0.0
10,3900,0.0
7636365,6,0.0
9,-2147483648,0.0
68,96890,0.0
9,7734,0.0
402,7,5.0
802,41,3.0
4363,5,0.0
2,699,4.5
0,1232,4.0
1983,9,0.0
83,278,5.0
415,99,0.0
6046137,9,0.0
0,7417,0.0
60380,9622,4.5
9731,2,0.0
941,-2147483648,0.0
18301,3699,0.0
69,85128,0.0
90,590,0.0
0,7003,0.0
8,415718,0.0
2,138,0.0
1439,9,4.1
22,1022,0.0
69,90,3.0
5,40,0.0
9,164249,5.0
5,385,0.0
90,870,5.0
24,7,4.6
44,5,0.0
336,8,0.0
2,857,0.0
64,5,0.0
58,424076898,0.0
1,9940,0.0
6,96434,4.8
-2147483648,872,0.0
11,4424,0.0
86532,5,0.0
64,41,0.0
2,924747,0.0
3579,6,0.0
564,7,0.0
7419100,403,4.8
0,79,0.0
70,8,3.8
826,8589282,5.0
33,8,0.0
437,94058,3.7
35,9,5.0
3,465977,0.0
199,9,0.0
-2147483648,27,0.0
351743,7999,0.0
858,6,4.2
8,127,0.0
39,762,4.4
487701,80,0.0
37,460,0.0
2,90,5.0
337,192651,5.0
5,55,4.0
69,796,3.8
1840,-2147483648,4.0
29,5,0.0
9,44245906,0.0
67,195,0.0
3,612,0.0
78,67,0.0
9,58740472,5.0
9,832,0.0
646,16199,5.0
4982,0,5.0
3660,-2147483648,4.6
2,896,0.0
69,77,3.7
8,46,0.0
3,693,0.0
3,920,4.5
29,40,5.0
66,27928,0.0
-2147483648,99,0.0
532038,99655,4.7
3791,421,0.0
208676,889,3.6
8,7341,0.0
91,43178,0.0
23,10045,3.8
-2147483648,937,0.0
4,2994,0.0
991,69795764,4.3
10,0,4.6
76,426,0.0
0,7341,0.0
72,96,0.0
33,83,0.0
66679,9,4.1
7,699,0.0
368072,7,0.0
461,9,0.0
11,6,4.8
2783,97,4.4
6938,9,2.4
2,3717,0.0
9204,7,5.0
6,9615801,4.7
9,7884,5.0
3,705,3.6
7,11,4.7
254,29,0.0
30817,5,3.5
64,1,4.6
292000,-2147483648,0.0
251,766886,4.0
14,9,0.0
398,733137,0.0
4883158,85,0.0
2255,9331877,0.0
695098,7,1.0
94557,50,0.0
3,424,5.0
928117,465901,0.0
0,10,0.0
629114,0,4.0
0,48,2.0
2070,5869502,4.6
2030,58942,0.0
311,86096,0.0
215,8,0.0
6079680,776,0.0
4921,71,4.8
3,4997,0.0
50465,4,0.0
972,38,0.0
438,93,0.0
27,3,3.0
939,17,0.0
5,532232,3.9
219,3278753,0.0
3286,4,3.9
4,43999,4.4
2999,71,0.0
7,151,0.0
4,852,0.0
419,3,0.0
57,616670,0.0
9,559,4.5
99,907,0.0
1691,1314,0.0
4,31,0.0
47,8,0.0
405285,156,0.0
72,703,0.0
246,2,5.0
2466,67,0.0
934943,0,0.0
61,33,5.0
95,8528,5.0
1,3948,0.0
261,6,0.0
69,5,5.0
33,3,4.7
9,327,4.7
351,776559727,0.0
98,3303063,3.0
13,67,0.0
6,1388,0.0
79,3683,4.0
5,135,0.0
6,43,4.7
15,38,0.0
635536394,-2147483648,4.4
195,799,0.0
8,785,4.3
82,771,3.3
16282,826,5.0
59,1675,3.7
613,17877,3.5
96,8,4.5
44915,-2147483648,0.0
46,55418,4.3
6,76,0.0
11,3036,0.0
409555121,4,4.8
-2147483648,2,4.1
22,9,0.0
17170447,4335,0.0
696,532,0.0
823,51,5.0
985,80,0.0
2,9311,0.0
2,588,2.6
32,8,5.0
51,0,3.0
8029738,5,0.0
1956,7256,3.5
591232,66787,3.4
46675,868561760,0.0
15983,65,0.0
3,74,0.0
29,15,4.0
69,1621,0.0
226,602,0.0
2,-2147483648,0.0
9479,483,0.0
1459,45785,4.2
547,-2147483648,4.5
85,34,0.0
70037,81,4.4
8,68,0.0
32,6,0.0
6,3969,0.0
5,38,0.0
2,6798,0.0
2,55,0.0
957,5547,0.0
134437,69,0.0
16,-2147483648,3.8
963446,23,4.5
0,4163,4.5
89,6,4.8
47,155341,0.0
75,39944,4.1
309,5696567,0.0
110,8,4.7
30,8,0.0
8,584,0.0
3,6321,0.0
95,2295,0.0
94,8,0.0
9,1368,2.3
659732507,1,0.0
1,74,0.0
9098,65,0.0
558,81731314,4.5
39,60713549,0.0
32,2261,5.0
548,94,0.0
244,12,0.0
26,533,0.0
50,3,0.0
348,81,5.0
449809,617,0.0
1,89,4.2
2,6566,2.6
0,89,5.0
99,10165,0.0
89,20811347,0.0
25,60,0.0
4,805,0.0
-2147483648,2,0.0
327,64,0.0
3,25,4.0
1,8528,0.0
51,24,5.0
29996,774,0.0
7,2902063,5.0
8,-2147483648,4.6
0,795,4.8
263644202,562,0.0
810655,1,0.0
435,69993,3.0
18,537,0.0
78,532,0.0
39,5,4.0
6445,5,4.2
72,786,4.2
6,306,0.0
7,41,0.0
4,8277,0.0
6,145,0.0
4,8707658,0.0
6208,2,0.0
6514,1202,0.0
648,306,0.0
1,402,0.0
71,85,0.0
29,4,0.0
6,489,0.0
44319,89,0.0
89,-2147483648,4.4
620,4,0.0
1152777,40,0.0
90607,7643,0.0
60379,61325,0.0
8604,0,0.0
31,6,5.0
20262,48,0.0
7,623,0.0
38,7064,0.0
90750,61,4.5
5,1079391,0.0
29,83,5.0
66166,2,4.0
82747514,50858547,0.0
743,69993,4.6
8,446,4.5
3,868676,2.3
3,656,0.0
54,57,0.0
4,-2147483648,0.0
3,2990,5.0
42,68,0.0
11,8,0.0
30,207,0.0
9398,6,4.5
946,1546,0.0
978,70,0.0
86,46,4.3
55,4,0.0
446157,7,5.0
23981,753785618,5.0
23,9,5.0
817976671,4,0.0
2775,3,4.5
9,37,0.0
55969,6,4.2
71426,6710,0.0
814258,19,0.0
4,859,0.0
5,44,0.0
6,2103541,3.0
585,3,4.5
493,749,0.0
13,90,4.8
7,355,4.9
59,4,4.9
3501845,1,0.0
0,80,0.0
27877,94,0.0
8,6055,0.0
80,136,5.0
2,95,0.0
19,18,0.0
113,50,0.0
34,61,0.0
67255423,37,4.9
4,865,0.0
7,83,4.6
18784,874,0.0
661,5,0.0
4319,1358,4.3
2,60,0.0
509,7211,0.0
6,88,0.0
284,79,0.0
63,768,0.0
31106,-2147483648,4.0
5,97,0.0
7969,8,4.7
2,35,0.0
2,846,0.0
415,2,0.0
87,644,0.0
669,454,0.0
6235,95,0.0
51,2,0.0
85,11,0.0
2636,0,0.0
45,677,0.0
705,35,0.0
531,6,3.6
89,2,4.3
3385,3058575,0.0
8,75615,0.0
80,7820,3.1
8,-2147483648,4.9
2220,22,0.0
4,784770,0.0
7125,244,0.0
79571,47,0.0
49,300,5.0
59,353,4.4
18,6,0.0
44,8,0.0
41497466,85,0.0
194333,26,0.0
54,1,0.0
0,358,5.0
2640618,29,0.0
5,822199,4.4
75,167,0.0
768,73,0.0
267723,1,0.0
6,541,0.0
7257,95,0.0
773,64,0.0
99,92,4.4
8,4663067,0.0
85,-2147483648,0.0
1,-2147483648,5.0
6,459,0.0
41,9879,0.0
29110,5,0.0
48,9,4.1
6,932754,4.8
738,8604,5.0
606632,244,0.0
969,937,0.0
2,77,0.0
43,91,0.0
691,0,0.0
0,32,0.0
1,8160,0.0
2,4418,0.0
1,7025,0.0
38,56,5.0
3935,1797,0.0
6,523,0.0
65347,0,4.5
96,68,0.0
3,6141,0.0
18,641,0.0
0,781669,0.0
95,3,4.9
7,-2147483648,0.0
344,0,0.0
654,26,0.0
3470,1,3.4
41,39,4.3
77,582,0.0
8,5007,3.9
91,17,4.8
465,89,4.1
80,9305,0.0
62,-2147483648,4.6
64,57,0.0
7,1452,0.0
90097,9,0.0
81742,361,0.0
3,716,0.0
3580,7,0.0
94,62,2.0
7296,3,3.0
35,2,0.0
1,-2147483648,4.7
97,65,0.0
1012,987179,0.0
9,101,3.0
674,2,0.0
8,2057,4.0
4,421,0.0
8,48,0.0
7616,583,0.0
49,9500,0.0
9,61,5.0
82,504,4.7
6,944,3.7
9672,0,0.0
3,-2147483648,0.0
8,26,0.0
9,-2147483648,0.0
52,4,5.0
8043,5,4.8
923,4,2.0
61197,81,3.8
23069,8,0.0
882,8,0.0
38,3,2.9
2,378977,0.0
43,38,0.0
99,9,0.0
98,646699857,0.0
14,7621,0.0
4845076,2,0.0
1,76998,0.0
6,26,0.0
67,2,4.3
7976,4398,5.0
46126,9,0.0
20,4,0.0
9,995571,4.6
977921,4530,0.0
909,6,0.0
10143,4,5.0
-2147483648,0,0.0
20,8,0.0
47655,5,4.6
3576,60,4.4
462224,951,0.0
32387426,0,0.0
3,99210,0.0
662,5,4.5
91242,4932,3.8
26216,742,0.0
28,865,0.0
2430051,97,0.0
7329,0,0.0
5,79045,0.0
34397470,5,0.0
1296369,107922,0.0
2,-2147483648,0.0
61,-2147483648,0.0
962,7077,4.4
668,649,0.0
62,3,4.2
83,309561,5.0
557,7,0.0
1659,26,0.0
0,67,5.0
6986,327566,0.0
30,91257,5.0
18,592950,0.0
732,36,0.0
84,54742,0.0
3,997,0.0
95,8827,3.9
96840,959,0.0
91960,1730,0.0
0,-2147483648,5.0
1241,697813,0.0
3,99,0.0
46,5,0.0
629180,-2147483648,0.0
18,3,1.0
28,1,1.0
5,4995,0.0
489,-2147483648,0.0
6,594,4.6
114,3046,1.0
2,276557,4.8
81,572,4.2
4,57,0.0
1,40,0.0
86921802,5,0.0
3,85,5.0
7,837,4.8
49,7,0.0
9,4958,0.0
4,77098,4.3
5,3773,0.0
71,89,4.5
7535,4003,0.0
5613,41974,0.0
1601,533846,4.4
50261,33,5.0
8,32823769,0.0
2909,14,4.7
49,2,0.0
0,-2147483648,0.0
1589,14,5.0
9,692074976,0.0
78,-2147483648,0.0
5,63879,4.0
36674657,1,0.0
65225268,2715,4.5
229,262535,0.0
52501281,4819,0.0
9,4360,0.0
6,71641,2.6
9,218729,4.3
66,71120,0.0
11,11,0.0
90,2,4.7
40,-2147483648,0.0
2,216,0.0
59183,40,0.0
33533,76,0.0
4,8128,0.0
69,262,4.7
485,544,5.0
5,400267,0.0
6,251,0.0
28,5832,0.0
8,37,0.0
3,28,0.0
93,73,0.0
53,444297,5.0
65,78,0.0
59,342,0.0
62,-2147483648,4.2
3,457,0.0
290,9,5.0
1709,792174,0.0
92,60634,0.0
7239,982,0.0
6889,4,4.5
98,-2147483648,3.0
779544,87,0.0
6,94212,0.0
36,15,4.7
9,48,0.0
43,9254,0.0
92,2,3.0
3990,7,5.0
19861579,3,1.0
820,6,0.0
967,93,0.0
846,51,4.4
4,60,0.0
340167,60,4.2
0,73,4.0
2,502,0.0
70709,787368,5.0
467,6763650,0.0
0,226,3.5
2,5595,0.0
0,629302,0.0
265648239,60,5.0
67,1738582,0.0
13,419,0.0
775,0,0.0
829,36450,0.0
32157378,51211107,0.0
2132,2,0.0
6046,411,3.5
20,5381,4.5
73,9,5.0
7,996,0.0
85,59,0.0
5,81,0.0
8,971237,0.0
7644009,87,0.0
614,9,0.0
438,1,0.0
91099149,7,0.0
7849,31,0.0
6842,5,0.0
889877452,80494,0.0
6,20,0.0
5214,8,0.0
101,490,0.0
655,5,0.0
1,608,5.0
27,8,0.0
4,30668,0.0
98,574,0.0
33,17,0.0
387,80,0.0
999367,76,5.0
27,148,0.0
1612,60454522,0.0
861,0,4.7
8680378,7,5.0
7,4425831,0.0
32169,8,0.0
833,300,5.0
3711,1353,0.0
36,-2147483648,3.3
9,374,0.0
162,8,0.0
0,384,3.0
719812,7,0.0
4,41593,0.0
411,6,0.0
2,64646,0.0
65765,29,0.0
9905,89929,0.0
4,55,3.8
6,838,0.0
16,256,4.6
675,74186352,0.0
31,61,4.4
114,299,0.0
17,871,4.9
5,24,0.0
19,233,5.0
33002053,946340,2.0
3594,9403274,4.4
410,5,0.0
44,61,0.0
63,2,4.5
6,37,5.0
2,609016,0.0
81,209,0.0
3233,795283,4.5
2,9458,0.0
40,81887,4.2
60,75556888,0.0
7,86,0.0
7,7743,4.7
84629,9,0.0
53,4261,0.0
4,76404,0.0
9,45,0.0
7,780,0.0
3,61764,4.5
3145276,7,5.0
14,844,0.0
62,8,0.0
65,976,4.0
44,375231077,3.3
427,9,0.0
446740,47,0.0
97,3,4.1
26,29,0.0
1,456,4.8
85,0,0.0
5714,31,0.0
29,596,0.0
3,10,0.0
407,155341,0.0
2,3224,0.0
4,54691,0.0
41700584,342482,4.9
7,-2147483648,4.6
5,2543,0.0
8153,1,5.0
72,667,0.0
7,94211,0.0
460956,536384,0.0
71134,3,0.0
985,7209,0.0
282,57,4.6
486,82,0.0
859,3113905,0.0
70,69534,4.2
9,34,0.0
59629,74,0.0
11,378,0.0
7,511,5.0
21448,98,0.0
58,33,0.0
1,57,0.0
9298,9,4.5
953,2,5.0
5596,904,5.0
3,4022117,0.0
5,6639,4.4
830,814,4.4
8439,272,0.0
7221,50,4.9
0,951,0.0
18,115,0.0
76,834674,0.0
147195,-2147483648,0.0
9,77,4.0
43790,1,4.2
56,5012443,5.0
9,900,5.0
32348,6,3.0
27,742,4.9
37,9753,0.0
7,656,0.0
0,43,0.0
24779,1774,0.0
279,25,4.0
21,40,0.0
782533,789,0.0
59,6896108,0.0
95,442,4.7
1,19,0.0
5,662,0.0
9,65,0.0
9,68,0.0
877,1,0.0
47,8794,0.0
84,9,4.0
9720,547,0.0
8,6629,0.0
7101,90,0.0
88754,5,4.2
710921,7,0.0
2,45,0.0
44,44,0.0
48116,8,3.9
73,3854,4.0
56126,98909,0.0
1187,7,0.0
7325448,69,0.0
769,43270,4.5
87,966,5.0
4,15324,5.0
8,5486,5.0
525,3584,0.0
7472808,1,0.0
18968,204,0.0
6026,3,0.0
8,817,4.6
735,7,3.1
63,7,5.0
9820,27016037,0.0
5,290,0.0
2,96,0.0
1,7280614,0.0
-2147483648,51,0.0
42,9,0.0
4,61,0.0
367,47,0.0
696,0,0.0
3,94058,3.7
890,5,0.0
484847,4,0.0
8,84,3.6
626269,0,0.0
31,9,4.9
1,330,4.3
2492,59857,0.0
77,930,3.6
-2147483648,91666,0.0
4,985,0.0
6,-2147483648,0.0
7,-2147483648,4.4
6,3749,4.7
95784,1,0.0
9884,54315,5.0
32,50,4.7
3514,1,0.0
23,830,5.0
5797064,516,0.0
141,3406,4.4
4144994,91,4.6
45,5,4.0
76,2,0.0
14794,3,3.8
696,1,4.6
36,3,5.0
82919,8423,0.0
1870,6,0.0
431,66,0.0
719,58977539,5.0
192,1477,0.0
16064,379830,0.0
4,84,5.0
21,91,0.0
1607824559,-2147483648,4.4
817,8215,4.3
-2147483648,8,4.7
78,20,0.0
6,8008,2.0
6,29,0.0
21,-2147483648,0.0
61,427815263,0.0
9326,6,0.0
439,3,0.0
4104,1,0.0
0,128,0.0
108,1197,3.9
4,14,0.0
43,754,0.0
9361,7,0.0
82,1643,0.0
7,44,0.0
953,2479,0.0
4718472,51,0.0
851,4,0.0
6,272,4.3
14,5,3.7
938,654,0.0
3946,6,0.0
1287,1,0.0
4,626,4.1
88352,1,1.0
1,90,0.0
784,373,4.2
0,2686,4.4
33471,5043,0.0
3191,67,0.0
1,7077,0.0
20650,-2147483648,4.0
5,583,4.6
67,35159,0.0
54,18,4.5
85549,2,0.0
6122,31,0.0
99668116,37,0.0
1,94,0.0
9525,4,5.0
8,9947,0.0
3770,19,0.0
6,530,4.4
32,9,4.2
80,9,0.0
3,82,5.0
882,1,4.5
957,0,0.0
4,7140,0.0
37,808,4.0
252,75,4.2
85113,23276436,4.5
660371,0,0.0
239,9,0.0
5599,73986,0.0
1855,7,0.0
62906,853,0.0
736,-2147483648,0.0
0,1215,0.0
48,83,0.0
7,2062248,0.0
82,4450,0.0
0,232,0.0
2086,8,0.0
8,935,0.0
830,0,4.6
34688,28675,3.5
86,93,0.0
1896,4,0.0
753,23,4.2
324,1663,0.0
9,3892,0.0
79435273,6,0.0
0,1555569,0.0
294,5,0.0
85,8,3.3
8,30,4.6
9,850,3.5
11,37,4.3
9,865,0.0
6,1225,4.7
71,5107,0.0
903848,623,0.0
7,33966,0.0
3567,4985969,5.0
5244,80,0.0
982,6,0.0
8769,880,0.0
1370,55,0.0
190,26,5.0
39623,601,4.3
275,9154,5.0
1,1245,0.0
338063,9,0.0
449,435,0.0
2771,208,4.5
34,96,0.0
